"","x"
"1","Eosinophil percentage of white cells"
"2","Chronic obstructive pulmonary disease x ever smoker interaction (main effect)"
"3","Chronic obstructive pulmonary disease x current smoker interaction (main effect)"
"4","Chronic obstructive pulmonary disease x current smoker interaction (2df)"
"5","Neutrophil percentage of white cells"
"6","Pulmonary function (smoking interaction)"
"7","Chronic obstructive pulmonary disease in never smokers"
"8","Chronic obstructive pulmonary disease x ever smoker interaction (2df)"
"9","FEV1 or gastro-oesophageal reflux disease (pleiotropy)"
"10","Chronic obstructive pulmonary disease in non-current smokers"
"11","HDL cholesterol change in response to fenofibrate in statin-treated type 2 diabetes"
"12","Lymphocyte percentage of white cells"
"13","BMI and adiposity (confirmatory factor analysis Factor 7)"
"14","Body fat percentage"
"15","Menarche (age at onset)"
"16","Lung cancer in ever smokers"
"17","Total cholesterol levels (MTAG)"
"18","Body mass index (joint analysis main effects and physical activity interaction)"
"19","Visceral adipose tissue volumes to abdominal adipose tissue volumes ratio"
"20","Crohn's disease x smoking status (never vs ever smoking) interaction"
"21","BMI in non-smokers"
"22","BMI (adjusted for smoking behaviour)"
"23","Medication use for hypertension (number of purchases)"
"24","Body mass index x sex x age interaction (4df test)"
"25","Body mass index (joint analysis main effects and smoking interaction)"
"26","Waist circumference adjusted for BMI (joint analysis main effects and physical activity interaction)"
"27","Total cholesterol levels"
"28","Low density lipoprotein cholesterol levels"
"29","Body size at age 10"
"30","Body mass index (age <50)"
"31","Body fat percentage (adjusted for testosterone and SHBG)"
"32","Cigarettes smoked per day (MTAG)"
"33","High light scatter reticulocyte percentage of red cells"
"34","Type 1 diabetes"
"35","Body mass index (age>50)"
"36","Inflammatory markers and poor diet (confirmatory factor analysis Factor 30)"
"37","Abdominal adipose tissue volumes to gluteofemoral adipose tissue volumes ratio"
"38","Predicted visceral adipose tissue"
"39","Monocyte percentage of white cells"
"40","Diastolic blood pressure x alcohol consumption interaction (2df test)"
"41","High density lipoprotein cholesterol levels"
"42","LDL cholesterol"
"43","Parental longevity (combined parental attained age, Martingale residuals)"
"44","Mean arterial pressure x alcohol consumption interaction (2df test)"
"45","Diastolic blood pressure x smoking status (ever vs never) interaction (2df test)"
"46","Systolic blood pressure x alcohol consumption interaction (2df test)"
"47","Systolic blood pressure x smoking status (current vs non-current) interaction (2df test)"
"48","Diastolic blood pressure x alcohol consumption (light vs heavy) interaction (2df test)"
"49","Systolic blood pressure x smoking status (ever vs never) interaction (2df test)"
"50","Diastolic blood pressure x smoking status (current vs non-current) interaction (2df test)"
"51","C-reactive protein levels or LDL-cholesterol levels (pleiotropy)"
"52","Cigarettes smoked per day"
"53","Mean arterial pressure x alcohol consumption (light vs heavy) interaction (2df test)"
"54","Triglycerides to total lipids ratio in small HDL"
"55","Total cholesterol to total lipids ratio in IDL"
"56","Waist circumference adjusted for BMI (adjusted for smoking behaviour)"
"57","Waist circumference adjusted for BMI (joint analysis main effects and smoking interaction)"
"58","Coffee consumption"
"59","Waist circumference adjusted for BMI in non-smokers"
"60","Rheumatoid arthritis or type 1 diabetes"
"61","Type 1 diabetes and autoimmune thyroid diseases"
"62","Lutropin-choriogonadotropic hormone receptor level in Chronic kidney disease with hypertension and no diabetes (14634_13)"
"63","Free cholesterol in large VLDL (UKB data field 23500)"
"64","Phospholipids to total lipids ratio in small VLDL"
"65","Free cholesterol levels in VLDL"
"66","Non-HDL cholesterol levels"
"67","Free cholesterol in very large VLDL (UKB data field 23493)"
"68","Free cholesterol in large HDL"
"69","Phospholipids in medium HDL"
"70","Total lipid levels in small VLDL"
"71","HDL cholesterol"
"72","Cholesterol to total lipids in medium HDL percentage (UKB data field 23640)"
"73","Total lipid levels in chylomicrons and extremely large VLDL"
"74","Cholesterol to total lipids ratio in very large VLDL"
"75","Phospholipids in IDL"
"76","Total lipids in very small VLDL"
"77","Triglyceride to HDL cholesterol ratio"
"78","Phospholipid levels in VLDL"
"79","HDL cholesterol levels x alcohol consumption (drinkers vs non-drinkers) interaction (2df)"
"80","Free cholesterol in medium LDL"
"81","Total lipid levels in medium VLDL"
"82","Free cholesterol levels"
"83","LDL cholesterol levels x alcohol consumption (regular vs non-regular drinkers) interaction (2df)"
"84","Free cholesterol to total lipids ratio in medium LDL"
"85","HDL cholesterol levels x alcohol consumption (regular vs non-regular drinkers) interaction (2df)"
"86","Free cholesterol in large LDL"
"87","HDL cholesterol levels"
"88","Phospholipid levels in chylomicrons and extremely large VLDL"
"89","Triglycerides to total lipids in medium HDL percentage (UKB data field 23643)"
"90","Total lipids in small VLDL (UKB data field 23510)"
"91","Total lipids in large VLDL (UKB data field 23496)"
"92","Cholesteryl esters to total lipids ratio in large HDL"
"93","Triglycerides to total lipids in small HDL percentage (UKB data field 23648)"
"94","Cholesteryl esters to total lipids ratio in medium HDL"
"95","VLDL cholesterol levels"
"96","Phospholipids in very large VLDL (UKB data field 23490)"
"97","Phospholipids to total lipids in medium HDL percentage (UKB data field 23639)"
"98","Remnant cholesterol (non-HDL, non-LDL -cholesterol)"
"99","Free cholesterol in chylomicrons and extremely large VLDL (UKB data field 23486)"
"100","Total lipids in small VLDL"
"101","Cholesteryl esters to total lipids ratio in large VLDL"
"102","Familial combined hyperlipidemia defined by Dutch criteria"
"103","Total cholesterol in small VLDL"
"104","Cholesteryl esters to total lipids ratio in large LDL"
"105","Average diameter for LDL particles"
"106","Cholesteryl esters to total lipids ratio in very large VLDL"
"107","Free cholesterol in IDL"
"108","Esterified cholesterol levels"
"109","LDL cholesterol levels"
"110","Type 2 diabetes"
"111","Total lipid levels in very large VLDL"
"112","Cholesteryl esters to total lipids ratio in small LDL"
"113","Phospholipid levels in very large VLDL"
"114","Total lipids in IDL"
"115","Free cholesterol levels in chylomicrons and extremely large VLDL"
"116","Phospholipids in small VLDL"
"117","Triglycerides to total lipids ratio in very large HDL"
"118","Triglyceride levels x alcohol consumption (regular vs non-regular drinkers) interaction (2df)"
"119","Total cholesterol levels in VLDL"
"120","Phospholipids in small LDL"
"121","Total cholesterol in medium LDL"
"122","Free cholesterol in VLDL (UKB data field 23420)"
"123","Cholesteryl esters to total lipids in medium HDL percentage (UKB data field 23641)"
"124","Cholesteryl esters to total lipids ratio in medium LDL"
"125","Familial combined hyperlipidemia defined by Consensus criteria"
"126","Total lipids in very large VLDL (UKB data field 23489)"
"127","Phospholipids in large LDL"
"128","Phospholipids in VLDL (UKB data field 23412)"
"129","Phospholipids in medium LDL"
"130","Phospholipids in large VLDL (UKB data field 23497)"
"131","Phospholipids in very large HDL"
"132","Total cholesterol in medium VLDL"
"133","C-reactive protein levels or HDL-cholesterol levels (pleiotropy)"
"134","Total lipid levels in large VLDL"
"135","Triglycerides to total lipids ratio in large HDL"
"136","Free cholesterol in small VLDL"
"137","HDL cholesterol x physical activity interaction (2df test)"
"138","Triglycerides to total lipids ratio in medium VLDL"
"139","HDL cholesterol levels in current drinkers"
"140","Total cholesterol in very small VLDL"
"141","Total cholesterol to total lipids ratio in small LDL"
"142","Triglycerides to total lipids ratio in medium HDL"
"143","Triglyceride levels x alcohol consumption (drinkers vs non-drinkers) interaction (2df)"
"144","Total lipid levels in medium LDL"
"145","Familial combined hyperlipidemia defined by Mexico criteria"
"146","Serum total cholesterol levels"
"147","Total lipids in VLDL (UKB data field 23424)"
"148","LDL cholesterol levels x alcohol consumption (drinkers vs non-drinkers) interaction (2df)"
"149","Free cholesterol in small LDL"
"150","Total lipid levels in VLDL"
"151","Phospholipid levels in large VLDL"
"152","Total cholesterol to total lipids ratio in medium LDL"
"153","Triglyceride levels in non-type 2 diabetes"
"154","Average diameter for VLDL particles (UKB data field 23431)"
"155","Free cholesterol in very small VLDL"
"156","Phospholipids to total lipids ratio in medium HDL"
"157","Total lipids in large HDL"
"158","Medication use for hyperlipidemia (number of purchases)"
"159","Total cholesterol levels in HDL"
"160","Phospholipids in chylomicrons and extremely large VLDL (UKB data field 23483)"
"161","Total cholesterol in large LDL"
"162","Cholesteryl esters to total lipids ratio in very large HDL"
"163","Total cholesterol in large HDL"
"164","Free cholesterol levels in very large VLDL"
"165","Average diameter for VLDL particles"
"166","Triglycerides to total lipids in large HDL percentage (UKB data field 23638)"
"167","Cholesterol to total lipids ratio in medium VLDL"
"168","Phospholipids to total lipids ratio in very large HDL"
"169","Phospholipids in very small VLDL"
"170","Free cholesterol levels in large VLDL"
"171","Total lipids in chylomicrons and extremely large VLDL (UKB data field 23482)"
"172","Free cholesterol to total lipids in medium LDL percentage (UKB data field 23622)"
"173","Total cholesterol in HDL2"
"174","Free cholesterol in medium HDL"
"175","Total lipids in medium HDL"
"176","Total lipids in large LDL"
"177","Free cholesterol in medium VLDL"
"178","Cholesterol to total lipids ratio in large HDL"
"179","Phospholipid levels in small VLDL"
"180","Cholesteryl esters to total lipids ratio in medium VLDL"
"181","Cholesterol to total lipids ratio in medium HDL"
"182","Phospholipids in large HDL"
"183","Total lipids in small LDL"
"184","Total cholesterol levels in LDL"
"185","Total cholesterol levels in medium HDL"
"186","Neutrophil percentage of granulocytes"
"187","Fasting glucose"
"188","Phospholipids to total lipids in IDL percentage (UKB data field 23609)"
"189","Pericardial adipose tissue adjusted for height and weight"
"190","Phospholipids to total lipids ratio in IDL"
"191","Phospholipids to total lipids ratio in large HDL"
"192","Total lipids in small HDL (UKB data field 23573)"
"193","Total lipids in medium HDL (UKB data field 23566)"
"194","Free cholesterol levels in medium HDL"
"195","Cholesteryl esters to total lipids ratio in IDL"
"196","Body fat percentage or coronary artery disease (MTAG)"
"197","Phospholipids in medium HDL (UKB data field 23567)"
"198","Total lipid levels in HDL"
"199","Free cholesterol in medium HDL (UKB data field 23570)"
"200","Granulocyte percentage of myeloid white cells"
"201","Bitter non-alcoholic beverage consumption"
"202","Eosinophil percentage of granulocytes"
"203","Phospholipids to total lipids ratio in very large VLDL"
"204","Phospholipids in small HDL (UKB data field 23574)"
"205","Phospholipid levels in medium HDL"
"206","Phospholipid levels in HDL"
"207","Phospholipids to total lipids in very small VLDL percentage (UKB data field 23604)"
"208","Cholesterol to total lipids ratio in IDL"
"209","Free cholesterol levels in small HDL"
"210","Total lipid levels in medium HDL"
"211","Total lipid levels in small HDL"
"212","Cholesteryl esters to total lipids in IDL percentage (UKB data field 23611)"
"213","Phospholipids to total lipids ratio in very small VLDL"
"214","Phospholipid levels in small HDL"
"215","Smoking behaviour (cigarettes smoked per day)"
"216","Type 2 diabetes or schizophrenia (pleiotropy)"
"217","Forns index in high alcohol intake"
"218","Total body bone mineral density (age 30-45)"
"219","Aspartate aminotransferase platelet ratio index in high alcohol intake"
"220","Fibrosis-4 index in high alcohol intake"
"221","Amyloid (PET imaging) (24 month visit)(adjusted for APOE e4 dosage)"
"222","Postprandial total lipids in medium VLDL"
"223","Postprandial total lipids in chylomicrons and extremely large VLDL"
"224","Phospholipids in medium VLDL"
"225","Triglycerides to total lipids ratio in very small VLDL"
"226","Cholesteryl esters to total lipids in small HDL percentage (UKB data field 23646)"
"227","Total lipids in very small VLDL (UKB data field 23517)"
"228","Total lipids in very large HDL"
"229","Free cholesterol in very large HDL"
"230","Free cholesterol levels in IDL"
"231","Postprandial total lipids in very large VLDL"
"232","Fasting free cholesterol in large VLDL"
"233","Total lipids in lipoprotein particles (UKB data field 23423)"
"234","Triglycerides to total lipids ratio in chylomicrons and extremely large VLDL"
"235","Postprandial free cholesterol in very large VLDL"
"236","Cholesteryl esters to total lipids in large LDL percentage (UKB data field 23616)"
"237","Free cholesterol to total lipids ratio in large HDL"
"238","Phospholipids in very large VLDL"
"239","Total lipid levels in large HDL"
"240","Phospholipids to total lipids ratio in chylomicrons and extremely large VLDL"
"241","Fasting cholesterol esters in chylomicrons and extremely large VLDL"
"242","Total lipid levels in lipoprotein particles"
"243","Very low density lipoprotein cholesterol levels"
"244","Cholesterol to total lipids in small VLDL percentage (UKB data field 23600)"
"245","Free cholesterol in small VLDL (UKB data field 23514)"
"246","Cholesterol to total lipids ratio in large LDL"
"247","Free cholesterol to total lipids ratio in IDL"
"248","Phospholipids to total lipids ratio in small LDL"
"249","Free cholesterol to total lipids ratio in chylomicrons and extremely large VLDL"
"250","Postprandial phospholipid levels in medium VLDL"
"251","Total lipids in large VLDL"
"252","Average diameter for LDL particles (UKB data field 23432)"
"253","Phospholipids to total lipids in very large VLDL percentage (UKB data field 23584)"
"254","Triglycerides to total lipids in very small VLDL percentage (UKB data field 23608)"
"255","Phospholipid levels in medium LDL"
"256","Postprandial cholesterol esters in large VLDL"
"257","Phospholipids to total lipids in small VLDL percentage (UKB data field 23599)"
"258","Phospholipids to total lipids ratio in large LDL"
"259","Free cholesterol levels in very large HDL"
"260","Fasting free cholesterol in chylomicrons and extremely large VLDL"
"261","Phospholipids to total lipids in large LDL percentage (UKB data field 23614)"
"262","Postprandial phospholipid levels in large VLDL"
"263","Free cholesterol to total lipids ratio in very small VLDL"
"264","Total lipids in large HDL (UKB data field 23559)"
"265","Free cholesterol to total lipids in very small VLDL percentage (UKB data field 23607)"
"266","Omega-3 fatty acids to total fatty acids percentage (UKB data field 23451)"
"267","Postprandial triglyceride response to high fat diet meal"
"268","Dyslipidemia"
"269","Postprandial cholesterol esters in medium VLDL"
"270","Fasting remnant cholesterol"
"271","Postprandial total cholesterol in very large VLDL"
"272","Phospholipid levels in very large HDL"
"273","Postprandial phospholipid levels in chylomicrons and extremely large VLDL"
"274","Omega-6 fatty acids to total fatty acids percentage (UKB data field 23452)"
"275","Free cholesterol in very large VLDL"
"276","Postprandial total lipids in large VLDL"
"277","Free cholesterol to total lipids in very large VLDL percentage (UKB data field 23587)"
"278","Total cholesterol to total lipids ratio in very large HDL"
"279","Free cholesterol to total lipids in small LDL percentage (UKB data field 23627)"
"280","Polyunsaturated fatty acids to total fatty acids percentage (UKB data field 23453)"
"281","Fasting phospholipid levels in very large VLDL"
"282","Postprandial free cholesterol in large VLDL"
"283","Phospholipids to total lipids in large HDL percentage (UKB data field 23634)"
"284","Triglycerides to total lipids in small LDL percentage (UKB data field 23628)"
"285","Cholesterol to total lipids in medium LDL percentage (UKB data field 23620)"
"286","Fasting total lipids in very large VLDL"
"287","Free cholesterol to total lipids in medium VLDL percentage (UKB data field 23597)"
"288","Free cholesterol to total lipids ratio in large VLDL"
"289","Phospholipids in large HDL (UKB data field 23560)"
"290","Average diameter for HDL particles (UKB data field 23433)"
"291","Familial combined hyperlipidemia defined by Brunzell criteria"
"292","Triglycerides to total lipids ratio in medium LDL"
"293","Free cholesterol to total lipids in large HDL percentage (UKB data field 23637)"
"294","Triglycerides to total lipids in small VLDL percentage (UKB data field 23603)"
"295","Phospholipids to total lipids in large VLDL percentage (UKB data field 23589)"
"296","Total lipids in medium LDL (UKB data field 23538)"
"297","Total lipids in very large HDL (UKB data field 23552)"
"298","Phospholipid levels in medium VLDL"
"299","Postprandial total lipids in small VLDL"
"300","Total cholesterol minus HDL-C levels (UKB data field 23401)"
"301","Fasting total lipids in chylomicrons and extremely large VLDL"
"302","Cholesteryl esters to total lipids in very small VLDL percentage (UKB data field 23606)"
"303","Triglycerides to total lipids ratio in IDL"
"304","Total cholesterol to total lipids ratio in small VLDL"
"305","Phospholipids to total lipids in medium LDL percentage (UKB data field 23619)"
"306","Fasting total lipids in medium VLDL"
"307","Fasting free cholesterol in medium VLDL"
"308","Free cholesterol in very large HDL (UKB data field 23556)"
"309","Cholesterol to total lipids ratio in medium LDL"
"310","Total lipid levels in very large HDL"
"311","Total cholesterol to total lipids ratio in medium VLDL"
"312","Fasting total cholesterol in small VLDL"
"313","Phospholipids to total lipids in chylomicrons and extremely large VLDL percentage (UKB data field 23579)"
"314","Free cholesterol to total lipids ratio in very large VLDL"
"315","Triglycerides to total lipids ratio in small VLDL"
"316","Fasting total lipids in large VLDL"
"317","Cholesterol to total lipids ratio in small VLDL"
"318","Postprandial total cholesterol in VLDL"
"319","Triglycerides x physical activity interaction (2df test)"
"320","Linoleic acid to total fatty acids percentage (UKB data field 23456)"
"321","Monounsaturated fatty acids to total fatty acids percentage (UKB data field 23454)"
"322","Phospholipids to total lipids in very large HDL percentage (UKB data field 23629)"
"323","Postprandial phospholipid levels in very large VLDL"
"324","Fasting total cholesterol in medium VLDL"
"325","Total cholesterol levels in very large HDL"
"326","Free cholesterol to total lipids in large LDL percentage (UKB data field 23617)"
"327","Fasting cholesterol esters in very large VLDL"
"328","Postprandial cholesterol esters in very large VLDL"
"329","Total lipids in medium VLDL (UKB data field 23503)"
"330","Phospholipids to total lipids ratio in small HDL"
"331","Postprandial total cholesterol in large VLDL"
"332","Cholesteryl esters to total lipids in large VLDL percentage (UKB data field 23591)"
"333","Fasting total cholesterol in very large VLDL"
"334","Total cholesterol to total lipids ratio in very large VLDL"
"335","Free cholesterol to total lipids ratio in small LDL"
"336","Fasting free cholesterol in very large VLDL"
"337","Free cholesterol to total lipids in small VLDL percentage (UKB data field 23602)"
"338","Medication use (antithrombotic agents)"
"339","Cholesteryl esters to total lipids in medium LDL percentage (UKB data field 23621)"
"340","Free cholesterol to total lipids ratio in very large HDL"
"341","Free cholesterol to total lipids ratio in medium HDL"
"342","Free cholesterol levels in large HDL"
"343","Phospholipids in medium LDL (UKB data field 23539)"
"344","Cholesterol to total lipids in large LDL percentage (UKB data field 23615)"
"345","Triglycerides to total lipids ratio in small LDL"
"346","Cardiovascular risk factors (age interaction)"
"347","Phospholipids to total lipids ratio in medium VLDL"
"348","Cholesterol to total lipids ratio in very small VLDL"
"349","Remnant cholesterol (non-HDL, non-LDL -cholesterol) levels (UKB data field 23402)"
"350","Cholesteryl esters to total lipids in small LDL percentage (UKB data field 23626)"
"351","Triglycerides to total lipids ratio in large LDL"
"352","Cholesteryl esters to total lipids ratio in small HDL"
"353","Postprandial total cholesterol in medium VLDL"
"354","Triglycerides to total lipids in very large VLDL percentage (UKB data field 23588)"
"355","Cholesteryl esters to total lipids ratio in small VLDL"
"356","Free cholesterol in medium VLDL (UKB data field 23507)"
"357","HDL cholesterol levels x short total sleep time interaction (2df test)"
"358","Triglycerides to total lipids in very large HDL percentage (UKB data field 23633)"
"359","Free cholesterol in very small VLDL (UKB data field 23521)"
"360","Total cholesterol minus HDL-C levels"
"361","Free cholesterol levels in small VLDL"
"362","Postprandial total cholesterol in small VLDL"
"363","Fasting phospholipid levels in chylomicrons and extremely large VLDL"
"364","Cholesterol to total lipids in medium VLDL percentage (UKB data field 23595)"
"365","Total lipids in medium VLDL"
"366","Phospholipid levels in large HDL"
"367","Free cholesterol to total lipids in chylomicrons and extremely large VLDL percentage (UKB data field 23582)"
"368","Free cholesterol levels in very small VLDL"
"369","Fasting phospholipid levels in large VLDL"
"370","Fasting free cholesterol in small VLDL"
"371","Postprandial free cholesterol in chylomicrons and extremely large VLDL"
"372","Triglyceride levels in type 2 diabetes"
"373","Fasting total cholesterol in VLDL"
"374","Fasting phospholipid levels in medium VLDL"
"375","Cholesterol to total lipids in large VLDL percentage (UKB data field 23590)"
"376","Cholesterol to total lipids ratio in small HDL"
"377","Fasting total lipids in small VLDL"
"378","Phospholipids in very small VLDL (UKB data field 23518)"
"379","Phospholipids in very large HDL (UKB data field 23553)"
"380","Fasting phospholipid levels in small VLDL"
"381","Nonalcoholic fatty liver disease (imputed)"
"382","Coronary artery disease (myocardial infarction, percutaneous transluminal coronary angioplasty, coronary artery bypass grafting, angina or chromic ischemic heart disease)"
"383","Phospholipids in small VLDL (UKB data field 23511)"
"384","Free cholesterol to total lipids ratio in small VLDL"
"385","Fasting cholesterol esters in medium VLDL"
"386","Fasting cholesterol esters in small VLDL"
"387","Fasting total cholesterol in large VLDL"
"388","Postprandial free cholesterol in medium VLDL"
"389","Phospholipid levels in small LDL"
"390","Free cholesterol in large HDL (UKB data field 23563)"
"391","Total lipid levels in small LDL"
"392","Triglycerides to total lipids ratio in very large VLDL"
"393","Fasting total cholesterol in chylomicrons and extremely large VLDL"
"394","HDL cholesterol levels x long total sleep time interaction (2df test)"
"395","Postprandial free cholesterol in small VLDL"
"396","Free cholesterol levels in HDL"
"397","Total lipid levels in very small VLDL"
"398","Cholesteryl esters to total lipids in small VLDL percentage (UKB data field 23601)"
"399","Cholesteryl esters to total lipids in medium VLDL percentage (UKB data field 23596)"
"400","Free cholesterol to total lipids ratio in medium VLDL"
"401","Cholesteryl esters to total lipids in very large HDL percentage (UKB data field 23631)"
"402","Free cholesterol to total lipids ratio in large LDL"
"403","Total cholesterol levels in chylomicrons and extremely large VLDL"
"404","Total lipids in small LDL (UKB data field 23545)"
"405","Cholesterol to total lipids in very small VLDL percentage (UKB data field 23605)"
"406","Phospholipids to total lipids in small LDL percentage (UKB data field 23624)"
"407","HDL cholesterol levels (UKB data field 23406)"
"408","Free cholesterol to total lipids in medium HDL percentage (UKB data field 23642)"
"409","Postprandial phospholipid levels in small VLDL"
"410","Phospholipids in large VLDL"
"411","Triglycerides to total lipids in IDL percentage (UKB data field 23613)"
"412","Cholesterol to total lipids in IDL percentage (UKB data field 23610)"
"413","Cholesteryl esters to total lipids in large HDL percentage (UKB data field 23636)"
"414","Average diameter for HDL particles"
"415","Cholesteryl esters to total lipids in very large VLDL percentage (UKB data field 23586)"
"416","Triglycerides to total lipids in medium VLDL percentage (UKB data field 23598)"
"417","Total cholesterol to total lipids ratio in very small VLDL"
"418","Phospholipids in medium VLDL (UKB data field 23504)"
"419","Total cholesterol in very large VLDL"
"420","Total cholesterol to total lipids ratio in medium HDL"
"421","Phospholipid levels (plasma)"
"422","Cholesteryl esters to total lipids ratio in very small VLDL"
"423","Postprandial total cholesterol in chylomicrons and extremely large VLDL"
"424","Docosahexaenoic acid to total fatty acids percentage (UKB data field 23457)"
"425","Phospholipids to total lipids ratio in large VLDL"
"426","Cholesterol to total lipids in very large VLDL percentage (UKB data field 23585)"
"427","Cholesterol to total lipids in small HDL percentage (UKB data field 23645)"
"428","VLDL cholesterol levels (UKB data field 23403)"
"429","Triglycerides to total lipids in medium LDL percentage (UKB data field 23623)"
"430","Triglycerides to total lipids in large LDL percentage (UKB data field 23618)"
"431","Phospholipids to total lipids ratio in medium LDL"
"432","Gall stone disease or coronary artery disease"
"433","Cholesterol to total lipids in large HDL percentage (UKB data field 23635)"
"434","Total cholesterol to total lipids ratio in large HDL"
"435","Postprandial cholesterol esters in chylomicrons and extremely large VLDL"
"436","Medication use (agents acting on the renin-angiotensin system)"
"437","Cholesterol to total lipids ratio in large VLDL"
"438","Phospholipid levels in very small VLDL"
"439","Free cholesterol levels in medium VLDL"
"440","Free cholesterol to total lipids in IDL percentage (UKB data field 23612)"
"441","Fasting cholesterol esters in large VLDL"
"442","Phospholipids to total lipids in medium VLDL percentage (UKB data field 23594)"
"443","Total cholesterol to total lipids ratio in chylomicrons and extremely large VLDL"
"444","Familial combined hyperlipidemia defined by Goldstein criteria"
"445","Total cholesterol to total lipids ratio in small HDL"
"446","Free cholesterol in large VLDL"
"447","Total lipids in very large VLDL"
"448","Type ii diabetes"
"449","Circulating leptin levels or type 2 diabetes"
"450","Medication use (drugs used in diabetes)"
"451","Chronic obstructive pulmonary disease in ever smokers"
"452","Random glucose levels"
"453","Body fat percentage and type 2 diabetes (pairwise)"
"454","Blood glucose levels"
"455","Type 2 diabetes (adjusted for BMI)"
"456","Type 2 diabetes mellitus adjusted for BMI or coronary artery disease (pleiotropy)"
"457","Fasting plasma glucose"
"458","Type 2 diabetes mellitus or coronary artery disease (pleiotropy)"
"459","Acute insulin response (insulin secretion adjusted)"
"460","Peak insulin response (insulin secretion adjusted)"
"461","Free cholesterol to total lipids in large VLDL percentage (UKB data field 23592)"
"462","Parental longevity (father's age at death or father's attained age)"
"463","Basophil percentage of white cells"
"464","Coronary atherosclerosis (time to event)"
"465","Macrophage inflammatory protein 1b levels"
"466","Pancreatic beta-cell glucose sensitivity"
"467","Basophil percentage of granulocytes"
"468","Liver fibrosis in pediatric non-alcoholic fatty acid liver disease"
"469","Chymotrypsinogen B2 level in Chronic kidney disease with hypertension and no diabetes (5648_28)"
"470","Chronic obstructive pulmonary disease or coronary artery disease (pleiotropy)"
"471","Migraine and/or systolic blood pressure"
"472","Advanced age-related macular degeneration"
"473","Waist-to-hip ratio adjusted for BMI (joint analysis for main effect and physical activity interaction)"
"474","COVID-19 or hypertension (pleiotropy)"
"475","Waist-to-hip ratio adjusted for BMI x sex x age interaction (4df test)"
"476","Gluteofemoral adipose tissue volumes (adjusted for BMI and height)"
"477","Paired immunoglobulin-like type 2 receptor alpha isoform FDF03-deltaTM level in Chronic kidney disease with hypertension and no diabetes (6402_8)"
"478","Alzheimer's disease (age of onset)"
"479","3-hydroxy-1-methylpropylmercapturic acid levels in smokers"
"480","Medication use (beta blocking agents)"
"481","Total cholesterol to total lipids ratio in large LDL"
"482","Cathepsin H level in Chronic kidney disease with hypertension and no diabetes (8465_52)"
"483","Cathepsin H level in Chronic kidney disease with hypertension and no diabetes (8644_46)"
"484","Alzheimer's disease or gastroesophageal reflux disease"
"485","Caffeine consumption from tea"
"486","White matter hyperintensity volume (adjusted for hypertension)"
"487","Free cholesterol in small HDL"
"488","Total lipids in small HDL"
"489","Phospholipids in small HDL"
"490","White matter hyperintensity volume x hypertension interaction (2df)"
"491","Glucose-dependent insulinotropic peptide levels"
"492","Moderate-to-vigorous intensity physical activity during leisure time (MTAG)"
"493","Age-related cognitive decline (language) (slope of z-scores)"
"494","Procollagen galactosyltransferase 1 levels (COLGALT1.5638.23.3)"
"495","Seropositivity for lactobacillus phage LFEINF peptide (twist_64023)"
"496","Seropositivity for lactobacillus phage LFEINF peptide (twist_88894)"
"497","Seropositivity for enterobacteria phage peptide (twist_92147)"
"498","Spherical equivalent or myopia (age of diagnosis)"
"499","Kunitz-type protease inhibitor 3 level in Chronic kidney disease with hypertension and no diabetes (7926_13)"
"500","Fish- and plant-related diet"
"501","Waist-to-hip ratio adjusted for BMI (age >50)"
"502","Gastroesophageal reflux disease"
"503","Parental longevity (father's attained age)"
"504","Activated Protein C level in Chronic kidney disease with hypertension and no diabetes (3758_63)"
"505","soluble Endothelial protein C receptor level in Chronic kidney disease with hypertension and no diabetes (24023_35)"
"506","Psoriasis or type 2 diabetes (trans-disease meta-analysis)"
"507","Endoplasmic reticulum aminopeptidase 1 level in Chronic kidney disease with hypertension and no diabetes (4964_67)"
"508","Endoplasmic reticulum aminopeptidase 2 level in Chronic kidney disease with hypertension and no diabetes (8960_3)"
"509","Diastolic blood pressure night-to-day ratio in hypertension"
"510","Two-hour glucose"
"511","Non-lobar intracerebral hemorrhage (MTAG)"
"512","Alcohol consumption (drinks per week) (MTAG)"
"513","White matter mean diffusivity x age interaction (2df)"
"514","White matter fractional anisotropy x age interaction (2df)"
"515","Migraine or type 2 diabetes"
"516","Postprandial total cholesterol in IDL"
"517","Postprandial serum total cholesterol"
"518","Triglycerides to total lipids in large VLDL percentage (UKB data field 23593)"
"519","Cholesteryl esters to total lipids in chylomicrons and extremely large VLDL percentage (UKB data field 23581)"
"520","Postprandial cholesterol esters in medium LDL"
"521","Postprandial phospholipid levels in large LDL"
"522","Postprandial esterified cholesterol"
"523","Postprandial total lipids in large LDL"
"524","Postprandial total cholesterol in LDL"
"525","Postprandial total lipids in IDL"
"526","Postprandial total lipids in small LDL"
"527","LDL cholesterol levels x short total sleep time interaction (2df test)"
"528","Postprandial phospholipid levels in IDL"
"529","Postprandial phospholipid levels in very small VLDL"
"530","Postprandial free cholesterol in medium LDL"
"531","Postprandial free cholesterol in large LDL"
"532","Postprandial cholesterol esters in large LDL"
"533","Postprandial total lipids in medium LDL"
"534","Total cholesterol in HDL3"
"535","Fasting free cholesterol"
"536","Postprandial free cholesterol in small LDL"
"537","Phospholipids in HDL (UKB data field 23414)"
"538","Postprandial cholesterol esters in small LDL"
"539","Total cholesterol levels in pregnancy"
"540","Cholesteryl esters to total lipids ratio in chylomicrons and extremely large VLDL"
"541","Postprandial total cholesterol in medium LDL"
"542","Coronary heart disease x type 2 diabetes interaction"
"543","Postprandial phospholipid levels in small HDL"
"544","Postprandial free cholesterol in very small VLDL"
"545","Cholesterol to total lipids in very large HDL percentage (UKB data field 23630)"
"546","Postprandial total cholesterol in large LDL"
"547","Postprandial phospholipid levels in small LDL"
"548","Postprandial total cholesterol in small LDL"
"549","Postprandial free cholesterol"
"550","Fasting phospholipid levels in small HDL"
"551","Postprandial free cholesterol in IDL"
"552","Fasting serum total cholesterol"
"553","Phospholipid levels in IDL"
"554","Total lipid levels in large LDL"
"555","Total esterified cholesterol levels"
"556","Percentage of invited food questionnaires completed"
"557","Waist-to-hip ratio adjusted for BMI in non-smokers"
"558","Cannabis use (age at onset)"
"559","Waist-to-hip ratio adjusted for BMI (adjusted for smoking behaviour)"
"560","Total free cholesterol levels"
"561","Type 1 diabetes (age at diagnosis)"
"562","FEV1/FVC or gastro-oesophageal reflux disease (pleiotropy)"
"563","Seropositivity for enterobacteria phage peptide (twist_65044)"
"564","Visceral adipose tissue volumes to gluteofemoral adipose tissue volumes ratio"
"565","Free cholesterol in HDL (UKB data field 23422)"
"566","Fasting plasma glucose in prediabetes"
"567","MHC class I polypeptide-related sequence A level in Chronic kidney disease with hypertension and no diabetes (2730_58)"
"568","Total lipid levels in LDL"
"569","LDL cholesterol levels in current drinkers"
"570","Phospholipid levels in LDL"
"571","Gluteofemoral adipose tissue volumes"
"572","HLA-C level in Chronic kidney disease with hypertension and no diabetes (21797_4)"
"573","Gastroesophageal reflux disease (UKB data field 20002_1138)"
"574","Phospholipid levels in large LDL"
"575","Menopause (age at onset)"
"576","Hyperlipidemia (time to event)"
"577","Cyclic AMP-responsive element-binding protein 3-like protein 4 level in Chronic kidney disease with hypertension and no diabetes (11308_8)"
"578","Essential hypertension (time to event)"
"579","Coffee consumption (cups per day)"
"580","Total phospholipids in lipoprotein particles (UKB data field 23411)"
"581","C-reactive protein levels or total cholesterol levels (pleiotropy)"
"582","COVID-19 hospitalization or age-related macular degeneration (MTAG)"
"583","Epigenetic age acceleration (Hannum) in childhood cancer survivors"
"584","COVID-19 critical illness or age-related macular degeneration (MTAG)"
"585","Estimated glomerular filtration rate in diabetes"
"586","Parental longevity (mother's age at death)"
"587","Glutamate receptor 4 level in Chronic kidney disease with hypertension and no diabetes (10760_107)"
"588","T-cell surface protein tactile level in Chronic kidney disease with hypertension and no diabetes (9735_44)"
"589","Parental longevity (mother's attained age)"
"590","Parental longevity (mother's age at death or mother's attained age)"
"591","Ermin level in Chronic kidney disease with hypertension and no diabetes (23425_19)"
"592","Medication use (drugs for peptic ulcer and gastro-oesophageal reflux disease)"
"593","Age of smoking initiation"
"594","Neutrophil collagenase levels"
"595","Early chronic obstructive pulmonary disease in never smokers"
"596","Cholesterol to total lipids ratio in chylomicrons and extremely large VLDL"
"597","Exudative age-related macular degeneration"
"598","Spermatogenesis-associated protein 20 level in Chronic kidney disease with hypertension and no diabetes (11117_2)"
"599","Free cholesterol to total lipids ratio in small HDL"
"600","Collagenous colitis"
"601","Postoperative atrial fibrillation in coronary artery bypass grafting surgery"
"602","Visceral adipose tissue adjusted for BMI"
"603","Hazardous alcohol drinking"
"604","Visceral adipose tissue volumes (adjusted for BMI and height)"
"605","Moderate to vigorous physical activity levels"
"606","DNA methylation Hannum age acceleration"
"607","Adipsin levels in type 2 diabetes"
"608","ACPA-positive rheumatoid arthritis (smoking interaction)"
"609","Joint damage in rheumatoid arthritis"
"610","Seropositivity for lactobacillus phage LFEINF peptide (twist_99693)"
"611","Seropositivity for klebsiella phage peptide (twist_64561)"
"612","Seropositivity (peptide co-occurrence module 19: pathobion, phages)"
"613","Gestational diabetes mellitus"
"614","Severe autoimmune type 2 diabetes"
"615","Inflammatory bowel disease x smoking status (never vs current smoking) interaction"
"616","Seropositivity for streptococcus phage peptide (twist_76831)"
"617","Seropositivity (peptide co-occurrence module 5: bacteria, phage, autoantigens)"
"618","Narcolepsy (age of onset)"
"619","Alzheimer's disease or gastroesophageal reflux disease and/or peptic ulcer disease"
"620","Seropositivity for lactobacillus phage (twist_95165)"
"621","Lung cancer in never smokers"
"622","Coiled-coil domain-containing protein 134 level in Chronic kidney disease with hypertension and no diabetes (15300_66)"
"623","Crohn's disease x smoking status (never vs current smoking) interaction"
"624","Seropositivity for enterobacteria phage phi1 peptide (twist_60834)"
"625","Seropositivity for klebsiella phage peptide (twist_73875)"
"626","Waist circumference (aged 40-50 years)"
"627","Saturated fatty acids to total fatty acids percentage (UKB data field 23455)"
"628","Seropositivity for enterobacteria phage phi1 peptide (twist_87290)"
"629","Latent autoimmune diabetes vs. type 2 diabetes"
"630","Resistance to antihypertensive treatment in hypertension"
"631","Latent autoimmune diabetes vs. type 1 diabetes"
"632","Adult onset asthma or type 2 diabetes"
"633","Allergic disease (asthma, hay fever and/or eczema) (age of onset)"
"634","Fulminant type 1 diabetes"
"635","Random C-peptide levels in type I diabetes"
"636","Obstetric antiphospholipid syndrome"
"637","Seropositivity for listeria phage 2389 peptide (twist_76871)"
"638","C-peptide levels in type I diabetes"
"639","HLA class II histocompatibility antigen, DQ alpha 2 chain level in Chronic kidney disease with hypertension and no diabetes (7757_5)"
"640","Age of onset of type 1 diabetes"
"641","FVC or gastro-oesophageal reflux disease (pleiotropy)"
"642","Esophageal squamous cell carcinoma"
"643","Neutrophil collagenase level in Chronic kidney disease with hypertension and no diabetes (2954_56)"
"644","Cerebral white matter volume change rate x age interaction (1df)"
"645","Cerebral white matter volume change rate x age interaction (2df)"
"646","Homeostasis model assessment of insulin resistance"
"647","Neutrophil collagenase levels (MMP8.2954.56.2)"
"648","Neuregulin-1, sensory and motor neuron-derived factor isoform level in Chronic kidney disease with hypertension and no diabetes (15446_25)"
"649","Trimeric intracellular cation channel type B level in Chronic kidney disease with hypertension and no diabetes (9509_4)"
"650","Asthma (age of onset)"
"651","Lean nonalcoholic fatty liver disease"
"652","Inflammatory bowel disease x smoking status (never vs ever smoking) interaction"
"653","Waist-to-hip ratio adjusted for BMI (joint analysis main effects and smoking interaction)"
"654","Percentage gas trapping"
"655","Ulcerative colitis x smoking status (never vs ever smoking) interaction"
"656","Inflammatory bowel disease x smoking status (never vs former smoking) interaction"
"657","Smoking status (ever vs never smokers)"
"658","Endophilin-A3 level in Chronic kidney disease with hypertension and no diabetes (23029_3)"
"659","Gait speed in old age"
"660","Male puberty timing (late vs. average onset voice breaking)"
"661","Cheese consumption"
"662","Interleukin-6 receptor subunit alpha level in Chronic kidney disease with hypertension and no diabetes (8092_29)"
"663","Interleukin-6 receptor subunit alpha level in Chronic kidney disease with hypertension and no diabetes (4139_71)"
"664","Interleukin-6 receptor subunit alpha level in Chronic kidney disease with hypertension and no diabetes (15602_43)"
"665","COVID-19 or coronary artery disease (pleiotropy)"
"666","Thioredoxin domain-containing protein 12 level in Chronic kidney disease with hypertension and no diabetes (4815_25)"
"667","Poultry consumption"
"668","Emphysema distribution in smoking"
"669","Cigarettes smoked per day (current)"
"670","Cerebellum white matter volume change rate x age interaction (1df)"
"671","Peripheral artery disease in non diabetes"
"672","Cotinine and 3'-hydroxycotinine levels in current smokers"
"673","Chronic obstructive pulmonary disease in current smokers"
"674","Fibrinogen levels (smoking status, alcohol consumption or body mass index interaction)"
"675","Cigarettes smoked per day (past)"
"676","Parental longevity (father's age at death)"
"677","Parental longevity (combined parental age at death)"
"678","Lifetime smoking index"
"679","Cotinine levels in smokers with chronic obstructive pulmonary disease"
"680","Exhaled carbon monoxide levels in smokers with chronic obstructive pulmonary disease"
"681","Fagerstr”ßm test for nicotine dependence"
"682","Peripheral artery disease in ever smokers"
"683","Cotinine levels in current smokers"
"684","Airflow obstruction in ever smokers"
"685","Time to smoke first cigarette in the morning"
"686","Cerebellum white matter volume change rate x age interaction (2df)"
"687","Problematic alcohol use (MTAG)"
"688","Problematic alcohol use"
"689","Free cholesterol levels in large LDL"
"690","Phospholipids in small LDL (UKB data field 23546)"
"691","Free cholesterol to total lipids in small HDL percentage (UKB data field 23647)"
"692","Free cholesterol in large LDL (UKB data field 23535)"
"693","Total lipid levels in IDL"
"694","Clinical LDL cholesterol levels (UKB data field 23404)"
"695","LDL cholesterol levels (UKB data field 23405)"
"696","Total cholesterol levels (UKB data field 23400)"
"697","Total lipids in large LDL (UKB data field 23531)"
"698","Total lipids in LDL (UKB data field 23425)"
"699","Free cholesterol in LDL (UKB data field 23421)"
"700","Total lipids in IDL (UKB data field 23524)"
"701","Phospholipids in IDL (UKB data field 23525)"
"702","Free cholesterol in IDL (UKB data field 23528)"
"703","Total free cholesterol levels (UKB data field 23419)"
"704","Phospholipids in large LDL (UKB data field 23532)"
"705","Free cholesterol levels in LDL"
"706","Phospholipids in LDL (UKB data field 23413)"
"707","Apolipoprotein M level in Chronic kidney disease with hypertension and no diabetes (10445_20)"
"708","Fasting insulin"
"709","High fluorescent percentage of reticulocytes"
"710","Blood pressure (age interaction)"
"711","Low fluorescent percentage of reticulocytes"
"712","Age of smoking initiation (MTAG)"
"713","Systolic blood pressure (cigarette smoking interaction)"
"714","Non-alcoholic fatty liver disease histology (lobular)"
"715","Systolic blood pressure x alcohol consumption (light vs heavy) interaction (2df test)"
"716","Migraine or glucose levels"
"717","Diastolic blood pressure (cigarette smoking interaction)"
"718","Principal component-derived dietary pattern 11"
"719","Daily alcohol intake in rs671 GA genotype"
"720","Daily alcohol intake x rs671 interaction (2df)"
"721","LDL cholesterol x physical activity interaction (2df test)"
"722","Lactase-phlorizin hydrolase level in Chronic kidney disease with hypertension and no diabetes (9017_58)"
"723","Body fat percentage and LDL-C (pairwise)"
"724","Obstructive sleep apnea"
"725","Sudden cardiac arrest in coronary artery disease"
"726","Bread consumption (slices per week) (UKB data field 1438)"
"727","Total cholesterol to total lipids ratio in large VLDL"
"728","Total phospholipid levels in lipoprotein particles"
"729","Free cholesterol in medium LDL (UKB data field 23542)"
"730","Triglycerides to total lipids ratio in large VLDL"
"731","Cholesterol to total lipids in chylomicrons and extremely large VLDL percentage (UKB data field 23580)"
"732","Free cholesterol levels in small LDL"
"733","Clinical LDL cholesterol levels"
"734","Plexin-D1 level in Chronic kidney disease with hypertension and no diabetes (19561_216)"
"735","Endoglin level in Chronic kidney disease with hypertension and no diabetes (4908_6)"
"736","Cholesterol to total lipids ratio in small LDL"
"737","Cadherin-5 level in Chronic kidney disease with hypertension and no diabetes (2819_23)"
"738","Delta-like protein 4 level in Chronic kidney disease with hypertension and no diabetes (3305_6)"
"739","Cholesterol to total lipids ratio in very large HDL"
"740","Angiopoietin-1 receptor, soluble level in Chronic kidney disease with hypertension and no diabetes (3773_15)"
"741","Cholesterol to total lipids in small LDL percentage (UKB data field 23625)"
"742","Free cholesterol in small LDL (UKB data field 23549)"
"743","Cereal consumption (bowls per week) (UKB data field 1458)"
"744","Ephrin type-A receptor 4 level in Chronic kidney disease with hypertension and no diabetes (7190_50)"
"745","Free cholesterol levels in medium LDL"
"746","Tyrosine-protein kinase receptor Tie-1, soluble level in Chronic kidney disease with hypertension and no diabetes (2844_53)"
"747","Roundabout homolog 4 level in Chronic kidney disease with hypertension and no diabetes (9232_1)"
"748","Cadherin-17 level in Chronic kidney disease with hypertension and no diabetes (16613_3)"
"749","Protocadherin-17 level in Chronic kidney disease with hypertension and no diabetes (21395_23)"
"750","Basal Cell Adhesion Molecule level in Chronic kidney disease with hypertension and no diabetes (2816_50)"
"751","Total esterified cholesterol levels (UKB data field 23415)"
"752","Triglycerides to total lipids in chylomicrons and extremely large VLDL percentage (UKB data field 23583)"
"753","Total cholesterol levels in small HDL"
"754","Macrophage colony-stimulating factor 1 receptor levels"
"755","LDL cholesterol levels x long total sleep time interaction (2df test)"
"756","End-stage coagulation"
"757","Ephrin type-A receptor 4 level in Chronic kidney disease with hypertension and no diabetes (16288_17)"
"758","Semaphorin-6B level in Chronic kidney disease with hypertension and no diabetes (5121_3)"
"759","GIP levels in response to oral glucose tolerance test (120 minutes)"
"760","Free cholesterol in small HDL (UKB data field 23577)"
"761","Immunoglobulin superfamily containing leucine-rich repeat protein 2 level in Chronic kidney disease with hypertension and no diabetes (13124_20)"
"762","Immunoglobulin superfamily containing leucine-rich repeat protein 2 level in Chronic kidney disease with hypertension and no diabetes (8528_74)"
"763","Interleukin-3 receptor subunit alpha level in Chronic kidney disease with hypertension and no diabetes (13744_37)"
"764","Pallidum volume change rate x age interaction (2df)"
"765","Melanoma x citrus consumption interaction (2df)"
"766","Gestational hypertension"
"767","Pulse pressure x alcohol consumption interaction (2df test)"
"768","Preeclampsia or other maternal hypertension (maternal genotype effect)"
"769","Excessive alcohol consumption"
"770","Brain language network functional connectivity"
"771","Esophageal cancer"
"772","Esophageal cancer and gastric cancer"
"773","Language functional connectivity"
"774","Fasting plasma glucose change"
"775","Systolic blood pressure (long-term average)"
"776","Mean arterial pressure (long-term average)"
"777","Diastolic blood pressure (long-term average)"
"778","Body mass index and coronary artery disease (pairwise)"
"779","Serum C-reactive protein concentration in high fat diet"
"780","Alcohol consumption x experiences in childhood (felt loved by family member) interaction"
"781","Free cholesterol to total lipids in very large HDL percentage (UKB data field 23632)"
"782","Alcohol consumption"
"783","Body fat percentage variance"
"784","Lamb or mutton consumption (UKB data field 1379)"
"785","Gestational age at birth (child effect)"
"786","Phospholipids to total lipids in small HDL percentage (UKB data field 23644)"
"787","Oily fish consumption"
"788","Pork consumption"
"789","Reactive lymphocyte percentage of white cells"
"790","Reactive percentage of lymphocytes"
"791","Major depression and alcohol dependence"
"792","Alcohol dependence (age at onset)"
"793","Low high density lipoprotein cholesterol levels"
"794","COVID-19 infection or age-related macular degeneration (MTAG)"
"795","Pulse pressure x alcohol consumption (light vs heavy) interaction (2df test)"
"796","Biological age (BioAge)"
"797","F-strong alcohol liking (derived food-liking factor)"
"798","Caffeine consumption from coffee"
"799","Principal component-derived dietary pattern 3"
"800","LDL-cholesterol level in antipsychotic-treated schizophrenia (6-week)"
"801","Caffeine consumption from coffee or tea"
"802","F-coffee/alcohol liking (derived food-liking factor)"
"803","Reduction in HbA1c levels in response to sulfonylureas treatment in type 2 diabetes"
"804","Treatment effectiveness of alpha blocker in hypertension"
"805","Chronic obstructive pulmonary disease x ever smoker interaction (1df)"
"806","Chronic obstructive pulmonary disease x current smoker interaction (1df)"
"807","BMI in smokers"
"808","BMI (smoking interaction)"
"809","Tea consumption"
"810","DNA methylation variation (age effect)"
"811","Gastroesophageal reflux disease, peptic ulcer disease and/or corresponding medications and treatment"
"812","3-hydroxypropylmercapturic acid levels in smokers"
"813","Gastroesophageal reflux disease or attention-deficit/hyperactivity disorder (pleiotropy)"
"814","Lifetime smoking"
"815","Moderate-to-vigorous intensity physical activity during leisure time"
"816","Janus kinase and microtubule-interacting protein 3 level in Chronic kidney disease with hypertension and no diabetes (9068_17)"
"817","Gastroesophageal reflux disease or bipolar disorder (pleiotropy)"
"818","Bipolar disorder or type 2 diabetes"
"819","72 kDa type IV collagenase levels"
"820","Right ventricular end systolic volume"
"821","Lifetime smoking (without educational attainment)"
"822","Medium fluorescent percentage of reticulocytes"
"823","Macrocytic percentage of red cells"
"824","Ischemic stroke (large artery atherosclerosis)"
"825","Left ventricular end-systolic volume"
"826","Procollagen C-endopeptidase enhancer 2 levels"
"827","Type 1 diabetes autoantibodies in high risk HLA genotype individuals (time to event)"
"828","Proprotein convertase subtilisin/kexin type 7 level in Chronic kidney disease with hypertension and no diabetes (4459_68)"
"829","NHDL cholesterol to HDL cholesterol ratio"
"830","Low HDL-cholesterol levels"
"831","Total lipids in HDL (UKB data field 23426)"
"832","Coronary artery disease and LDL cholesterol levels (multivariate analysis)"
"833","Platelet reactivity measurement (collagen-epinephrine)"
"834","Fasting blood glucose"
"835","Carotid atherosclerosis in HIV infection"
"836","Fibulin-7 level in Chronic kidney disease with hypertension and no diabetes (21891_31)"
"837","Proto-oncogene tyrosine-protein kinase MER level in Chronic kidney disease with hypertension and no diabetes (19787_14)"
"838","Type 2 diabetes or prostate cancer (pleiotropy)"
"839","Alcohol consumption (drinks per week)"
"840","Fasting insulin z-score (<25th percentile)"
"841","Migraine without aura and/or systolic blood pressure"
"842","Migraine with aura and/or systolic blood pressure"
"843","Visceral adipose tissue/subcutaneous adipose tissue ratio"
"844","Body fat percentage and HDL-C (pairwise)"
"845","Body fat percentage and triglycerides (pairwise)"
